10.38.13.165,Android,Mobile Chrome,28/01/2025, 09:34:24 pm
10.38.13.165,Android,Mobile Chrome,28/01/2025, 09:34:27 pm
10.38.13.165,Android,Mobile Chrome,28/01/2025, 09:34:36 pm
10.38.13.165,Android,Mobile Chrome,28/01/2025, 11:23:41 pm
10.38.13.165,Android,Mobile Chrome,28/01/2025, 11:23:54 pm
10.38.13.165,Android,Mobile Chrome,28/01/2025, 11:23:58 pm
10.38.13.165,Android,Mobile Chrome,28/01/2025, 11:24:21 pm
1,Unknown,Unknown,29/01/2025, 12:52:34 am
1,Unknown,Unknown,29/01/2025, 12:57:16 am
1,Unknown,Unknown,29/01/2025, 12:57:31 am
1,Unknown,Unknown,29/01/2025, 12:58:24 am
1,Unknown,Unknown,29/01/2025, 12:58:48 am
1,Unknown,Unknown,29/01/2025, 01:45:20 am
1,Unknown,Unknown,29/01/2025, 01:45:56 am
1,Unknown,Unknown,29/01/2025, 01:59:56 am
1,Unknown,Unknown,29/01/2025, 02:00:26 am
1,Unknown,Unknown,29/01/2025, 02:06:16 am
1,Unknown,Unknown,29/01/2025, 02:06:55 am
1,Unknown,Unknown,29/01/2025, 02:09:14 am
1,Unknown,Unknown,29/01/2025, 02:09:43 am
1,Unknown,Unknown,29/01/2025, 02:10:08 am
1,Unknown,Unknown,29/01/2025, 02:12:27 am
1,Unknown,Unknown,29/01/2025, 02:31:18 am
1,Unknown,Unknown,29/01/2025, 02:31:42 am
1,Unknown,Unknown,29/01/2025, 02:31:52 am
1,Unknown,Unknown,29/01/2025, 02:32:52 am
1,Unknown,Unknown,29/01/2025, 02:39:13 am
1,Unknown,Unknown,29/01/2025, 02:42:40 am
1,Unknown,Unknown,29/01/2025, 02:43:15 am
1,Unknown,Unknown,29/01/2025, 02:44:18 am
1,Unknown,Unknown,29/01/2025, 02:53:50 am
1,Unknown,Unknown,29/01/2025, 02:56:07 am
1,Unknown,Unknown,29/01/2025, 02:57:05 am
1,Unknown,Unknown,29/01/2025, 02:58:14 am
1,Unknown,Unknown,29/01/2025, 02:59:00 am
1,Unknown,Unknown,29/01/2025, 02:59:29 am
1,Unknown,Unknown,29/01/2025, 02:59:52 am
1,Unknown,Unknown,29/01/2025, 03:00:14 am
1,Unknown,Unknown,29/01/2025, 03:00:40 am
1,Unknown,Unknown,29/01/2025, 03:01:06 am
1,Unknown,Unknown,29/01/2025, 03:01:09 am
1,Unknown,Unknown,29/01/2025, 03:01:41 am
1,Unknown,Unknown,29/01/2025, 03:02:27 am
1,Unknown,Unknown,29/01/2025, 03:02:46 am
1,Unknown,Unknown,29/01/2025, 03:03:43 am
1,Unknown,Unknown,29/01/2025, 03:05:40 am
1,Unknown,Unknown,29/01/2025, 03:05:51 am
1,Unknown,Unknown,29/01/2025, 03:05:58 am
1,Unknown,Unknown,29/01/2025, 03:06:03 am
1,Unknown,Unknown,29/01/2025, 03:12:03 am
1,Unknown,Unknown,29/01/2025, 03:16:11 am
1,Unknown,Unknown,29/01/2025, 03:17:25 am
1,Linux,Chrome,29/01/2025, 03:17:29 am
1,Linux,Chrome,29/01/2025, 03:18:53 am
1,Linux,Chrome,29/01/2025, 03:18:56 am
1,Unknown,Unknown,29/01/2025, 03:38:35 am
1,Unknown,Unknown,29/01/2025, 03:40:03 am
1,Unknown,Unknown,29/01/2025, 03:40:44 am
1,Unknown,Unknown,29/01/2025, 03:41:02 am
1,Linux,Chrome,29/01/2025, 03:41:11 am
1,Unknown,Unknown,29/01/2025, 03:42:31 am
1,Unknown,Unknown,29/01/2025, 03:42:48 am
1,Unknown,Unknown,29/01/2025, 03:43:06 am
1,Unknown,Unknown,29/01/2025, 03:43:34 am
1,Unknown,Unknown,29/01/2025, 03:45:59 am
1,Unknown,Unknown,29/01/2025, 03:46:08 am
1,Unknown,Unknown,29/01/2025, 03:47:17 am
1,Unknown,Unknown,29/01/2025, 03:47:28 am
1,Unknown,Unknown,29/01/2025, 03:50:05 am
1,Unknown,Unknown,29/01/2025, 03:50:39 am
1,Unknown,Unknown,29/01/2025, 03:50:46 am
1,Unknown,Unknown,29/01/2025, 03:51:30 am
1,Unknown,Unknown,29/01/2025, 03:51:51 am
1,Unknown,Unknown,29/01/2025, 03:52:07 am
1,Unknown,Unknown,29/01/2025, 03:53:08 am
1,Unknown,Unknown,29/01/2025, 03:53:51 am
1,Unknown,Unknown,29/01/2025, 03:57:35 am
1,Unknown,Unknown,29/01/2025, 03:58:24 am
1,Unknown,Unknown,29/01/2025, 03:58:46 am
1,Linux,Chrome,29/01/2025, 03:58:50 am
1,Linux,Chrome,29/01/2025, 03:58:51 am
1,Unknown,Unknown,29/01/2025, 03:59:21 am
1,Unknown,Unknown,29/01/2025, 04:00:05 am
1,Unknown,Unknown,29/01/2025, 04:00:37 am
1,Unknown,Unknown,29/01/2025, 04:18:40 am
1,Unknown,Unknown,29/01/2025, 02:24:29 pm
1,Linux,Chrome,29/01/2025, 02:28:13 pm
1,Linux,Chrome,29/01/2025, 02:28:39 pm
1,Linux,Chrome,29/01/2025, 02:28:42 pm
1,Linux,Chrome,29/01/2025, 04:57:12 pm
1,Linux,Chrome,01/02/2025, 11:45:14 pm
1,Linux,Chrome,01/02/2025, 11:45:15 pm
1,Linux,Chrome,01/02/2025, 11:53:04 pm
1,Linux,Chrome,01/02/2025, 11:54:27 pm
1,Linux,Chrome,01/02/2025, 11:54:36 pm
1,Linux,Chrome,01/02/2025, 11:55:02 pm
1,Linux,Chrome,01/02/2025, 11:55:17 pm
1,Linux,Chrome,01/02/2025, 11:55:23 pm
1,Linux,Chrome,01/02/2025, 11:55:56 pm
1,Linux,Chrome,01/02/2025, 11:56:23 pm
1,Linux,Chrome,02/02/2025, 12:03:52 am
1,Linux,Chrome,02/02/2025, 12:04:08 am
1,Linux,Chrome,02/02/2025, 12:51:29 am
1,Linux,Chrome,02/02/2025, 12:51:33 am
1,Linux,Chrome,02/02/2025, 12:52:07 am
1,Linux,Chrome,02/02/2025, 12:53:16 am
1,Linux,Chrome,02/02/2025, 12:53:47 am
1,Linux,Chrome,02/02/2025, 12:54:47 am
1,Linux,Chrome,02/02/2025, 12:55:05 am
1,Linux,Chrome,02/02/2025, 12:55:13 am
1,Linux,Chrome,02/02/2025, 12:55:16 am
1,Linux,Chrome,02/02/2025, 12:55:55 am
1,Linux,Chrome,02/02/2025, 12:56:18 am
1,Linux,Chrome,02/02/2025, 12:59:45 am
1,Linux,Chrome,02/02/2025, 01:00:37 am
1,Linux,Chrome,02/02/2025, 01:01:11 am
1,Linux,Chrome,02/02/2025, 01:02:50 am
1,Linux,Chrome,02/02/2025, 01:04:33 am
1,Linux,Chrome,02/02/2025, 01:05:00 am
1,Linux,Chrome,02/02/2025, 01:05:08 am
1,Linux,Chrome,02/02/2025, 01:05:28 am
1,Linux,Chrome,02/02/2025, 01:05:38 am
1,Linux,Chrome,02/02/2025, 01:05:59 am
1,Linux,Chrome,02/02/2025, 01:07:22 am
1,Linux,Chrome,02/02/2025, 01:08:00 am
1,Linux,Chrome,02/02/2025, 01:09:01 am
1,Linux,Chrome,02/02/2025, 01:09:11 am
1,Linux,Chrome,02/02/2025, 01:09:26 am
1,Linux,Chrome,02/02/2025, 01:09:34 am
1,Linux,Chrome,02/02/2025, 01:11:24 am
1,Linux,Chrome,02/02/2025, 01:12:39 am
1,Linux,Chrome,02/02/2025, 01:13:32 am
1,Linux,Chrome,02/02/2025, 01:16:30 am
1,Linux,Chrome,02/02/2025, 01:18:02 am
1,Linux,Chrome,02/02/2025, 01:19:30 am
1,Linux,Chrome,02/02/2025, 01:27:01 am
1,Linux,Chrome,02/02/2025, 01:27:07 am
1,Linux,Chrome,02/02/2025, 01:27:36 am
1,Linux,Chrome,02/02/2025, 01:28:21 am
1,Linux,Chrome,02/02/2025, 01:29:53 am
1,Linux,Chrome,02/02/2025, 01:30:44 am
1,Linux,Chrome,02/02/2025, 01:31:17 am
1,Linux,Chrome,02/02/2025, 01:45:29 am
1,Linux,Chrome,02/02/2025, 01:45:33 am
1,Linux,Chrome,02/02/2025, 01:51:49 am
1,Linux,Chrome,02/02/2025, 01:51:58 am
1,Linux,Chrome,02/02/2025, 01:52:49 am
1,Linux,Chrome,02/02/2025, 01:54:24 am
1,Linux,Chrome,02/02/2025, 01:55:01 am
1,Linux,Chrome,02/02/2025, 01:56:02 am
1,Linux,Chrome,02/02/2025, 01:57:52 am
1,Linux,Chrome,02/02/2025, 01:57:53 am
1,Linux,Chrome,02/02/2025, 01:58:25 am
1,Linux,Chrome,02/02/2025, 01:58:26 am
1,Linux,Chrome,02/02/2025, 01:59:26 am
1,Linux,Chrome,02/02/2025, 02:00:14 am
1,Linux,Chrome,02/02/2025, 02:01:01 am
1,Linux,Chrome,02/02/2025, 02:01:50 am
1,Linux,Chrome,02/02/2025, 02:04:26 am
1,Linux,Chrome,02/02/2025, 02:06:08 am
1,Linux,Chrome,02/02/2025, 02:06:12 am
1,Linux,Chrome,02/02/2025, 02:06:22 am
1,Linux,Chrome,02/02/2025, 02:06:26 am
1,Linux,Chrome,02/02/2025, 02:06:32 am
1,Linux,Chrome,02/02/2025, 02:06:34 am
1,Linux,Chrome,02/02/2025, 02:06:47 am
1,Linux,Chrome,02/02/2025, 02:07:17 am
1,Linux,Chrome,02/02/2025, 02:09:35 am
1,Linux,Chrome,02/02/2025, 02:09:51 am
1,Linux,Chrome,02/02/2025, 02:09:54 am
1,Linux,Chrome,02/02/2025, 02:10:46 am
1,Linux,Chrome,02/02/2025, 02:12:36 am
1,Linux,Chrome,02/02/2025, 02:13:53 am
1,Linux,Chrome,02/02/2025, 02:14:15 am
1,Linux,Chrome,02/02/2025, 02:14:25 am
1,Linux,Chrome,02/02/2025, 02:14:28 am
1,Linux,Chrome,02/02/2025, 02:15:10 am
1,Linux,Chrome,02/02/2025, 02:17:08 am
1,Linux,Chrome,02/02/2025, 02:17:15 am
1,Linux,Chrome,04/02/2025, 06:21:32 pm
1,Linux,Chrome,04/02/2025, 06:29:09 pm
1,Linux,Chrome,04/02/2025, 06:29:12 pm
1,Linux,Chrome,04/02/2025, 06:29:51 pm
1,Linux,Chrome,04/02/2025, 06:30:05 pm
1,Linux,Chrome,04/02/2025, 06:30:06 pm
1,Linux,Chrome,04/02/2025, 06:31:05 pm
1,Linux,Chrome,04/02/2025, 06:31:06 pm
1,Linux,Chrome,04/02/2025, 06:31:22 pm
1,Linux,Chrome,04/02/2025, 06:32:43 pm
1,Linux,Chrome,04/02/2025, 06:32:44 pm
1,Linux,Chrome,04/02/2025, 06:35:11 pm
1,Linux,Chrome,04/02/2025, 06:35:15 pm
1,Linux,Chrome,04/02/2025, 06:36:43 pm
1,Linux,Chrome,04/02/2025, 06:37:04 pm
1,Linux,Chrome,04/02/2025, 06:37:30 pm
1,Linux,Chrome,04/02/2025, 06:37:31 pm
1,Linux,Chrome,04/02/2025, 06:56:10 pm
1,Linux,Chrome,04/02/2025, 07:04:18 pm
1,Linux,Chrome,04/02/2025, 07:04:24 pm
1,Linux,Chrome,04/02/2025, 07:04:28 pm
1,Linux,Chrome,04/02/2025, 07:04:34 pm
1,Linux,Chrome,04/02/2025, 07:05:18 pm
1,Linux,Chrome,04/02/2025, 07:05:21 pm
1,Linux,Chrome,04/02/2025, 07:06:38 pm
1,Linux,Chrome,04/02/2025, 07:06:53 pm
1,Linux,Chrome,04/02/2025, 07:06:58 pm
127.0.0.1,Ubuntu,Firefox,04/02/2025, 07:07:49 pm
127.0.0.1,Ubuntu,Firefox,04/02/2025, 07:08:10 pm
127.0.0.1,Ubuntu,Firefox,04/02/2025, 07:08:12 pm
127.0.0.1,Ubuntu,Firefox,04/02/2025, 07:08:16 pm
127.0.0.1,Ubuntu,Firefox,04/02/2025, 07:08:19 pm
127.0.0.1,Ubuntu,Firefox,04/02/2025, 07:08:34 pm
127.0.0.1,Ubuntu,Firefox,04/02/2025, 07:09:38 pm
127.0.0.1,Ubuntu,Firefox,04/02/2025, 07:09:45 pm
1,Linux,Chrome,04/02/2025, 07:16:34 pm
1,Linux,Chrome,04/02/2025, 07:16:39 pm
1,Linux,Chrome,04/02/2025, 07:18:12 pm
1,Linux,Chrome,04/02/2025, 07:18:29 pm
1,Linux,Chrome,04/02/2025, 07:23:19 pm
1,Linux,Chrome,04/02/2025, 07:23:23 pm
1,Linux,Chrome,04/02/2025, 07:23:46 pm
1,Linux,Chrome,04/02/2025, 07:24:01 pm
1,Linux,Chrome,04/02/2025, 07:27:42 pm
1,Linux,Chrome,04/02/2025, 07:27:55 pm
1,Linux,Chrome,04/02/2025, 07:27:58 pm
1,Linux,Chrome,04/02/2025, 07:28:47 pm
1,Linux,Chrome,04/02/2025, 07:28:52 pm
1,Linux,Chrome,04/02/2025, 07:28:54 pm
1,Linux,Chrome,04/02/2025, 07:28:57 pm
1,Linux,Chrome,04/02/2025, 07:29:02 pm
1,Linux,Chrome,04/02/2025, 07:30:49 pm
1,Linux,Chrome,04/02/2025, 07:30:52 pm
1,Linux,Chrome,04/02/2025, 07:31:24 pm
1,Linux,Chrome,04/02/2025, 07:31:26 pm
1,Linux,Chrome,04/02/2025, 07:31:52 pm
1,Linux,Chrome,04/02/2025, 07:31:56 pm
1,Linux,Chrome,04/02/2025, 07:32:02 pm
1,Linux,Chrome,04/02/2025, 07:33:02 pm
1,Linux,Chrome,04/02/2025, 07:35:44 pm
127.0.0.1,Ubuntu,Firefox,04/02/2025, 07:35:56 pm
127.0.0.1,Ubuntu,Firefox,04/02/2025, 07:36:20 pm
127.0.0.1,Ubuntu,Firefox,04/02/2025, 07:36:29 pm
127.0.0.1,Ubuntu,Firefox,04/02/2025, 07:36:57 pm
127.0.0.1,Ubuntu,Firefox,04/02/2025, 07:37:07 pm
127.0.0.1,Ubuntu,Firefox,04/02/2025, 07:37:13 pm
127.0.0.1,Ubuntu,Firefox,04/02/2025, 07:37:17 pm
127.0.0.1,Ubuntu,Firefox,04/02/2025, 07:39:14 pm
127.0.0.1,Ubuntu,Firefox,04/02/2025, 07:39:52 pm
127.0.0.1,Ubuntu,Firefox,04/02/2025, 07:40:04 pm
127.0.0.1,Ubuntu,Firefox,04/02/2025, 07:42:21 pm
127.0.0.1,Ubuntu,Firefox,04/02/2025, 07:42:59 pm
127.0.0.1,Ubuntu,Firefox,04/02/2025, 07:43:29 pm
127.0.0.1,Ubuntu,Firefox,04/02/2025, 07:43:47 pm
127.0.0.1,Ubuntu,Firefox,04/02/2025, 07:46:08 pm
127.0.0.1,Ubuntu,Firefox,04/02/2025, 07:46:36 pm
1,Linux,Chrome,04/02/2025, 07:46:48 pm
1,Linux,Chrome,04/02/2025, 07:47:01 pm
127.0.0.1,Ubuntu,Firefox,04/02/2025, 07:48:12 pm
127.0.0.1,Ubuntu,Firefox,04/02/2025, 07:50:23 pm
127.0.0.1,Ubuntu,Firefox,04/02/2025, 07:50:39 pm
127.0.0.1,Ubuntu,Firefox,04/02/2025, 07:50:41 pm
127.0.0.1,Ubuntu,Firefox,04/02/2025, 07:50:47 pm
127.0.0.1,Ubuntu,Firefox,04/02/2025, 07:50:50 pm
127.0.0.1,Ubuntu,Firefox,04/02/2025, 07:50:59 pm
127.0.0.1,Ubuntu,Firefox,04/02/2025, 07:53:29 pm
127.0.0.1,Ubuntu,Firefox,04/02/2025, 07:54:14 pm
127.0.0.1,Ubuntu,Firefox,04/02/2025, 07:54:21 pm
127.0.0.1,Ubuntu,Firefox,04/02/2025, 07:54:43 pm
1,Linux,Chrome,04/02/2025, 08:36:19 pm
127.0.0.1,Ubuntu,Firefox,04/02/2025, 08:40:04 pm
127.0.0.1,Ubuntu,Firefox,04/02/2025, 08:41:29 pm
1,Linux,Chrome,04/02/2025, 08:41:36 pm
1,Linux,Chrome,04/02/2025, 08:43:57 pm
1,Linux,Chrome,04/02/2025, 08:45:19 pm
1,Linux,Chrome,04/02/2025, 08:46:55 pm
1,Linux,Chrome,04/02/2025, 08:47:02 pm
1,Linux,Chrome,04/02/2025, 09:30:52 pm
1,Linux,Chrome,04/02/2025, 09:33:48 pm
1,Linux,Chrome,04/02/2025, 09:38:39 pm
1,Linux,Chrome,04/02/2025, 09:41:03 pm
127.0.0.1,Ubuntu,Firefox,04/02/2025, 09:49:23 pm
1,Linux,Chrome,04/02/2025, 09:56:19 pm
1,Linux,Chrome,04/02/2025, 10:02:24 pm
1,Linux,Chrome,05/02/2025, 12:23:24 am
1,Linux,Chrome,05/02/2025, 12:23:31 am
1,Linux,Chrome,05/02/2025, 12:23:57 am
1,Linux,Chrome,05/02/2025, 12:24:05 am
1,Linux,Chrome,05/02/2025, 12:38:52 am
1,Linux,Chrome,05/02/2025, 12:39:03 am
1,Linux,Chrome,05/02/2025, 12:39:18 am
1,Linux,Chrome,05/02/2025, 12:45:56 am
1,Linux,Chrome,05/02/2025, 12:47:51 am
1,Linux,Chrome,05/02/2025, 12:48:12 am
1,Linux,Chrome,05/02/2025, 12:48:28 am
1,Linux,Chrome,05/02/2025, 12:49:14 am
1,Linux,Chrome,05/02/2025, 01:41:24 am
1,Linux,Chrome,05/02/2025, 01:43:37 am
1,Linux,Chrome,05/02/2025, 01:48:51 am
1,Linux,Chrome,05/02/2025, 01:49:22 am
1,Linux,Chrome,05/02/2025, 01:58:27 am
1,Linux,Chrome,05/02/2025, 02:00:14 am
1,Linux,Chrome,05/02/2025, 02:16:15 am
1,Linux,Chrome,05/02/2025, 02:17:52 am
1,Linux,Chrome,05/02/2025, 02:20:22 am
1,Linux,Chrome,05/02/2025, 02:20:55 am
1,Linux,Chrome,05/02/2025, 02:21:39 am
1,Linux,Chrome,05/02/2025, 02:22:04 am
1,Linux,Chrome,05/02/2025, 02:40:27 am
1,Linux,Chrome,05/02/2025, 02:45:39 am
1,Linux,Chrome,05/02/2025, 02:46:20 am
1,Linux,Chrome,05/02/2025, 02:46:21 am
1,Linux,Chrome,05/02/2025, 02:56:15 am
1,Linux,Chrome,05/02/2025, 02:56:15 am
1,Linux,Chrome,06/02/2025, 09:49:43 pm
1,Linux,Chrome,06/02/2025, 09:50:24 pm
1,Linux,Chrome,06/02/2025, 09:50:26 pm
1,Linux,Chrome,06/02/2025, 09:50:47 pm
1,Linux,Chrome,06/02/2025, 09:50:48 pm
1,Linux,Chrome,06/02/2025, 10:08:07 pm
1,Linux,Chrome,06/02/2025, 10:08:07 pm
1,Linux,Chrome,02/03/2025, 10:56:26 pm
1,Linux,Chrome,02/03/2025, 10:56:28 pm
1,Linux,Chrome,02/03/2025, 11:12:41 pm
1,Linux,Chrome,02/03/2025, 11:12:42 pm
1,Linux,Chrome,02/03/2025, 11:13:07 pm
1,Linux,Chrome,02/03/2025, 11:13:10 pm
1,Linux,Chrome,02/03/2025, 11:13:12 pm
1,Linux,Chrome,02/03/2025, 11:14:25 pm
1,Linux,Chrome,02/03/2025, 11:14:34 pm
1,Linux,Chrome,02/03/2025, 11:14:34 pm
1,Linux,Chrome,02/03/2025, 11:14:56 pm
1,Linux,Chrome,02/03/2025, 11:14:57 pm
1,Linux,Chrome,02/03/2025, 11:15:06 pm
1,Linux,Chrome,02/03/2025, 11:15:06 pm
1,Linux,Chrome,02/03/2025, 11:15:18 pm
1,Linux,Chrome,02/03/2025, 11:15:18 pm
1,Linux,Chrome,02/03/2025, 11:15:34 pm
1,Linux,Chrome,02/03/2025, 11:15:35 pm
1,Linux,Chrome,02/03/2025, 11:15:38 pm
1,Linux,Chrome,02/03/2025, 11:16:04 pm
1,Linux,Chrome,02/03/2025, 11:16:05 pm
1,Linux,Chrome,02/03/2025, 11:16:22 pm
1,Linux,Chrome,02/03/2025, 11:16:22 pm
1,Linux,Chrome,02/03/2025, 11:16:34 pm
1,Linux,Chrome,02/03/2025, 11:19:25 pm
127.0.0.1,Ubuntu,Firefox,02/03/2025, 11:20:34 pm
127.0.0.1,Ubuntu,Firefox,02/03/2025, 11:20:50 pm
127.0.0.1,Ubuntu,Firefox,02/03/2025, 11:20:50 pm
1,Linux,Chrome,02/03/2025, 11:21:40 pm
1,Linux,Chrome,02/03/2025, 11:21:50 pm
1,Linux,Chrome,02/03/2025, 11:21:51 pm
127.0.0.1,Ubuntu,Firefox,02/03/2025, 11:28:51 pm
1,Linux,Chrome,02/03/2025, 11:28:52 pm
1,Linux,Chrome,02/03/2025, 11:35:50 pm
1,Linux,Chrome,02/03/2025, 11:35:54 pm
1,Linux,Chrome,02/03/2025, 11:38:37 pm
1,Linux,Chrome,02/03/2025, 11:38:43 pm
1,Linux,Chrome,02/03/2025, 11:39:00 pm
1,Linux,Chrome,02/03/2025, 11:39:03 pm
127.0.0.1,Ubuntu,Firefox,02/03/2025, 11:44:05 pm
1,Linux,Chrome,02/03/2025, 11:44:05 pm
1,Linux,Chrome,02/03/2025, 11:50:53 pm
127.0.0.1,Ubuntu,Firefox,02/03/2025, 11:50:53 pm
127.0.0.1,Ubuntu,Firefox,02/03/2025, 11:51:16 pm
1,Linux,Chrome,02/03/2025, 11:51:16 pm
1,Linux,Chrome,02/03/2025, 11:51:49 pm
127.0.0.1,Ubuntu,Firefox,02/03/2025, 11:54:56 pm
1,Linux,Chrome,02/03/2025, 11:54:56 pm
1,Linux,Chrome,02/03/2025, 11:55:10 pm
1,Linux,Chrome,02/03/2025, 11:55:11 pm
127.0.0.1,Ubuntu,Firefox,03/03/2025, 12:03:43 am
1,Linux,Chrome,03/03/2025, 12:03:43 am
127.0.0.1,Ubuntu,Firefox,03/03/2025, 12:05:52 am
1,Linux,Chrome,03/03/2025, 12:05:52 am
127.0.0.1,Ubuntu,Firefox,03/03/2025, 12:06:39 am
1,Linux,Chrome,03/03/2025, 12:06:39 am
1,Linux,Chrome,03/03/2025, 12:09:01 am
1,Linux,Chrome,03/03/2025, 12:09:01 am
127.0.0.1,Ubuntu,Firefox,03/03/2025, 12:09:15 am
1,Linux,Chrome,03/03/2025, 12:09:15 am
127.0.0.1,Ubuntu,Firefox,03/03/2025, 12:09:31 am
1,Linux,Chrome,03/03/2025, 12:09:31 am
127.0.0.1,Ubuntu,Firefox,03/03/2025, 12:09:42 am
1,Linux,Chrome,03/03/2025, 12:09:42 am
127.0.0.1,Ubuntu,Firefox,03/03/2025, 12:10:01 am
1,Linux,Chrome,03/03/2025, 12:10:01 am
127.0.0.1,Ubuntu,Firefox,03/03/2025, 12:10:37 am
1,Linux,Chrome,03/03/2025, 12:10:37 am
127.0.0.1,Ubuntu,Firefox,03/03/2025, 12:10:47 am
1,Linux,Chrome,03/03/2025, 12:10:47 am
127.0.0.1,Ubuntu,Firefox,03/03/2025, 12:12:03 am
1,Linux,Chrome,03/03/2025, 12:12:04 am
127.0.0.1,Ubuntu,Firefox,03/03/2025, 12:14:14 am
1,Linux,Chrome,03/03/2025, 12:14:14 am
127.0.0.1,Ubuntu,Firefox,03/03/2025, 12:14:26 am
1,Linux,Chrome,03/03/2025, 12:14:26 am
127.0.0.1,Ubuntu,Firefox,03/03/2025, 12:20:42 am
1,Linux,Chrome,03/03/2025, 12:20:43 am
127.0.0.1,Ubuntu,Firefox,03/03/2025, 12:20:54 am
1,Linux,Chrome,03/03/2025, 12:20:54 am
127.0.0.1,Ubuntu,Firefox,03/03/2025, 12:23:06 am
1,Linux,Chrome,03/03/2025, 12:23:06 am
127.0.0.1,Ubuntu,Firefox,03/03/2025, 12:26:00 am
1,Linux,Chrome,03/03/2025, 12:26:01 am
1,Linux,Chrome,03/03/2025, 12:28:46 am
1,Linux,Chrome,03/03/2025, 12:28:46 am
1,Linux,Chrome,03/03/2025, 12:28:51 am
1,Linux,Chrome,03/03/2025, 12:28:52 am
1,Linux,Chrome,03/03/2025, 12:28:55 am
1,Linux,Chrome,03/03/2025, 12:28:56 am
1,Linux,Chrome,03/03/2025, 12:29:04 am
1,Linux,Chrome,03/03/2025, 12:29:04 am
1,Linux,Chrome,03/03/2025, 01:20:10 am
1,Linux,Chrome,03/03/2025, 01:20:12 am
1,Linux,Chrome,03/03/2025, 01:20:14 am
1,Linux,Chrome,03/03/2025, 01:20:14 am
1,Linux,Chrome,03/03/2025, 01:20:18 am
1,Linux,Chrome,03/03/2025, 01:20:19 am
1,Linux,Chrome,03/03/2025, 01:20:21 am
1,Linux,Chrome,03/03/2025, 01:20:21 am
1,Linux,Chrome,03/03/2025, 01:20:23 am
1,Linux,Chrome,03/03/2025, 01:20:23 am
1,Linux,Chrome,03/03/2025, 01:20:24 am
1,Linux,Chrome,03/03/2025, 01:20:24 am
1,Linux,Chrome,03/03/2025, 01:20:25 am
1,Linux,Chrome,03/03/2025, 01:20:25 am
1,Linux,Chrome,03/03/2025, 01:20:29 am
1,Linux,Chrome,03/03/2025, 01:20:30 am
1,Linux,Chrome,03/03/2025, 01:20:31 am
1,Linux,Chrome,03/03/2025, 01:20:31 am
1,Linux,Chrome,03/03/2025, 01:20:32 am
1,Linux,Chrome,03/03/2025, 01:20:32 am
1,Linux,Chrome,03/03/2025, 02:13:50 am
1,Linux,Chrome,03/03/2025, 02:13:51 am
1,Linux,Chrome,03/03/2025, 02:14:06 am
1,Linux,Chrome,03/03/2025, 02:18:25 am
1,Linux,Chrome,03/03/2025, 02:19:35 am
1,Linux,Chrome,03/03/2025, 02:19:39 am
1,Linux,Chrome,03/03/2025, 02:36:25 am
1,Linux,Chrome,03/03/2025, 02:36:26 am
1,Linux,Chrome,03/03/2025, 02:36:31 am
1,Linux,Chrome,03/03/2025, 02:42:02 am
1,Linux,Chrome,03/03/2025, 02:42:21 am
1,Linux,Chrome,03/03/2025, 02:42:59 am
1,Linux,Chrome,03/03/2025, 02:43:02 am
1,Linux,Chrome,03/03/2025, 02:43:05 am
1,Linux,Chrome,03/03/2025, 02:48:06 am
1,Linux,Chrome,03/03/2025, 03:03:32 am
1,Linux,Chrome,03/03/2025, 03:12:52 am
1,Linux,Chrome,03/03/2025, 03:29:48 am
1,Linux,Chrome,03/03/2025, 03:29:49 am
1,Linux,Chrome,03/03/2025, 03:29:59 am
1,Linux,Chrome,03/03/2025, 03:31:03 am
1,Linux,Chrome,03/03/2025, 03:31:13 am
1,Linux,Chrome,03/03/2025, 04:17:42 am
1,Linux,Chrome,03/03/2025, 04:17:43 am
1,Linux,Chrome,03/03/2025, 04:17:49 am
1,Linux,Chrome,03/03/2025, 04:20:47 am
1,Linux,Chrome,03/03/2025, 04:21:49 am
1,Linux,Chrome,03/03/2025, 04:22:02 am
1,Linux,Chrome,03/03/2025, 04:22:38 am
1,Linux,Chrome,03/03/2025, 04:28:21 am
1,Linux,Chrome,03/03/2025, 04:28:31 am
1,Linux,Chrome,03/03/2025, 04:30:53 am
1,Linux,Chrome,03/03/2025, 04:31:19 am
1,Linux,Chrome,03/03/2025, 04:31:58 am
1,Linux,Chrome,03/03/2025, 04:32:35 am
127.0.0.1,Ubuntu,Firefox,03/03/2025, 04:32:53 am
1,Linux,Chrome,03/03/2025, 04:33:21 am
1,Linux,Chrome,03/03/2025, 04:35:57 am
1,Linux,Chrome,03/03/2025, 04:36:34 am
127.0.0.1,Ubuntu,Firefox,03/03/2025, 04:37:14 am
127.0.0.1,Ubuntu,Firefox,03/03/2025, 04:37:18 am
1,Linux,Chrome,03/03/2025, 04:37:38 am
1,Linux,Chrome,03/03/2025, 04:37:38 am
127.0.0.1,Ubuntu,Firefox,03/03/2025, 04:37:43 am
127.0.0.1,Ubuntu,Firefox,03/03/2025, 04:37:43 am
127.0.0.1,Ubuntu,Firefox,03/03/2025, 04:38:01 am
127.0.0.1,Ubuntu,Firefox,03/03/2025, 04:38:23 am
1,Linux,Chrome,03/03/2025, 04:39:06 am
1,Linux,Chrome,03/03/2025, 04:39:27 am
127.0.0.1,Ubuntu,Firefox,03/03/2025, 04:45:56 am
1,Linux,Chrome,03/03/2025, 04:47:30 am
1,Linux,Chrome,03/03/2025, 04:52:34 am
1,Linux,Chrome,03/03/2025, 04:55:03 am
1,Linux,Chrome,03/03/2025, 04:55:04 am
1,Linux,Chrome,03/03/2025, 05:08:45 am
1,Linux,Chrome,03/03/2025, 05:08:46 am
1,Linux,Chrome,03/03/2025, 05:08:50 am
1,Linux,Chrome,03/03/2025, 05:08:50 am
1,Linux,Chrome,03/03/2025, 05:09:12 am
1,Linux,Chrome,03/03/2025, 05:09:13 am
1,Linux,Chrome,03/03/2025, 05:10:33 am
1,Linux,Chrome,03/03/2025, 05:10:33 am
1,Linux,Chrome,03/03/2025, 06:04:44 am
1,Linux,Chrome,03/03/2025, 06:04:46 am
1,Linux,Chrome,03/03/2025, 06:06:28 am
1,Linux,Chrome,03/03/2025, 06:06:31 am
1,Linux,Chrome,03/03/2025, 06:06:33 am
1,Linux,Chrome,03/03/2025, 06:09:51 am
1,Linux,Chrome,03/03/2025, 06:10:06 am
1,Linux,Chrome,03/03/2025, 06:10:07 am
1,Linux,Chrome,03/03/2025, 06:10:15 am
1,Linux,Chrome,03/03/2025, 06:16:12 am
1,Linux,Chrome,03/03/2025, 12:34:50 pm
1,Linux,Chrome,03/03/2025, 12:35:15 pm
1,Linux,Chrome,03/03/2025, 12:35:16 pm
1,Linux,Chrome,03/03/2025, 12:35:24 pm
127.0.0.1,Ubuntu,Firefox,03/03/2025, 12:51:24 pm
1,Linux,Chrome,03/03/2025, 01:04:25 pm
1,Linux,Chrome,03/03/2025, 01:18:10 pm
1,Linux,Chrome,03/03/2025, 01:21:05 pm
1,Linux,Chrome,03/03/2025, 01:24:52 pm
1,Linux,Chrome,03/03/2025, 01:25:18 pm
1,Linux,Chrome,03/03/2025, 01:25:20 pm
1,Linux,Chrome,03/03/2025, 01:31:51 pm
1,Linux,Chrome,03/03/2025, 02:07:36 pm
1,Linux,Chrome,03/03/2025, 02:07:37 pm
127.0.0.1,Ubuntu,Firefox,03/03/2025, 02:07:49 pm
1,Linux,Chrome,03/03/2025, 02:08:09 pm
1,Linux,Chrome,03/03/2025, 02:08:19 pm
1,Linux,Chrome,03/03/2025, 02:08:30 pm
1,Linux,Chrome,03/03/2025, 02:08:42 pm
1,Linux,Chrome,03/03/2025, 02:08:46 pm
1,Linux,Chrome,03/03/2025, 02:08:47 pm
1,Linux,Chrome,03/03/2025, 02:09:32 pm
1,Linux,Chrome,03/03/2025, 02:09:36 pm
1,Linux,Chrome,03/03/2025, 02:09:37 pm
1,Linux,Chrome,03/03/2025, 02:09:43 pm
1,Linux,Chrome,03/03/2025, 02:09:44 pm
1,Linux,Chrome,03/03/2025, 02:09:55 pm
1,Linux,Chrome,03/03/2025, 02:09:56 pm
1,Linux,Chrome,03/03/2025, 02:10:02 pm
1,Linux,Chrome,03/03/2025, 02:10:03 pm
1,Linux,Chrome,03/03/2025, 02:10:22 pm
1,Linux,Chrome,03/03/2025, 02:10:31 pm
1,Linux,Chrome,03/03/2025, 02:10:36 pm
1,Linux,Chrome,03/03/2025, 02:10:39 pm
1,Linux,Chrome,03/03/2025, 02:10:39 pm
1,Linux,Chrome,03/03/2025, 02:10:42 pm
1,Linux,Chrome,03/03/2025, 02:10:43 pm
1,Linux,Chrome,03/03/2025, 02:10:44 pm
1,Linux,Chrome,03/03/2025, 02:10:44 pm
1,Linux,Chrome,03/03/2025, 02:10:52 pm
1,Linux,Chrome,03/03/2025, 02:11:02 pm
1,Linux,Chrome,03/03/2025, 02:11:06 pm
1,Linux,Chrome,03/03/2025, 02:11:09 pm
1,Linux,Chrome,03/03/2025, 02:11:15 pm
1,Linux,Chrome,03/03/2025, 02:11:16 pm
1,Linux,Chrome,03/03/2025, 02:11:27 pm
1,Linux,Chrome,03/03/2025, 02:11:32 pm
1,Linux,Chrome,03/03/2025, 02:11:32 pm
1,Linux,Chrome,03/03/2025, 02:11:41 pm
1,Linux,Chrome,03/03/2025, 02:11:43 pm
1,Linux,Chrome,03/03/2025, 02:11:43 pm
1,Linux,Chrome,03/03/2025, 02:11:48 pm
1,Linux,Chrome,03/03/2025, 02:12:04 pm
1,Linux,Chrome,03/03/2025, 02:12:06 pm
1,Linux,Chrome,03/03/2025, 02:12:24 pm
1,Linux,Chrome,03/03/2025, 02:12:48 pm
1,Linux,Chrome,03/03/2025, 02:12:53 pm
1,Linux,Chrome,03/03/2025, 02:12:54 pm
1,Linux,Chrome,03/03/2025, 02:13:04 pm
1,Linux,Chrome,03/03/2025, 02:13:07 pm
1,Linux,Chrome,03/03/2025, 02:13:22 pm
1,Linux,Chrome,03/03/2025, 02:13:23 pm
1,Linux,Chrome,03/03/2025, 02:13:23 pm
1,Linux,Chrome,03/03/2025, 02:13:23 pm
1,Linux,Chrome,03/03/2025, 02:13:24 pm
1,Linux,Chrome,03/03/2025, 02:13:24 pm
1,Linux,Chrome,03/03/2025, 02:13:24 pm
1,Linux,Chrome,03/03/2025, 02:13:25 pm
1,Linux,Chrome,03/03/2025, 02:13:25 pm
1,Linux,Chrome,03/03/2025, 02:13:25 pm
1,Linux,Chrome,03/03/2025, 02:13:25 pm
1,Linux,Chrome,03/03/2025, 02:13:26 pm
1,Linux,Chrome,03/03/2025, 02:13:26 pm
1,Linux,Chrome,03/03/2025, 02:13:27 pm
1,Linux,Chrome,03/03/2025, 02:13:27 pm
1,Linux,Chrome,03/03/2025, 02:13:27 pm
1,Linux,Chrome,03/03/2025, 02:13:27 pm
1,Linux,Chrome,03/03/2025, 02:13:27 pm
1,Linux,Chrome,03/03/2025, 02:13:28 pm
1,Linux,Chrome,03/03/2025, 02:13:28 pm
1,Linux,Chrome,03/03/2025, 02:13:28 pm
1,Linux,Chrome,03/03/2025, 02:13:28 pm
1,Linux,Chrome,03/03/2025, 02:13:29 pm
1,Linux,Chrome,03/03/2025, 02:13:29 pm
1,Linux,Chrome,03/03/2025, 02:13:29 pm
1,Linux,Chrome,03/03/2025, 02:13:29 pm
1,Linux,Chrome,03/03/2025, 02:13:29 pm
1,Linux,Chrome,03/03/2025, 02:13:30 pm
1,Linux,Chrome,03/03/2025, 02:13:31 pm
1,Linux,Chrome,03/03/2025, 02:13:31 pm
1,Linux,Chrome,03/03/2025, 02:13:43 pm
1,Linux,Chrome,03/03/2025, 02:13:44 pm
1,Linux,Chrome,03/03/2025, 02:13:51 pm
1,Linux,Chrome,03/03/2025, 02:13:51 pm
1,Linux,Chrome,03/03/2025, 02:13:59 pm
1,Linux,Chrome,03/03/2025, 02:14:00 pm
1,Linux,Chrome,03/03/2025, 02:14:06 pm
1,Linux,Chrome,03/03/2025, 02:14:06 pm
1,Linux,Chrome,03/03/2025, 02:14:28 pm
1,Linux,Chrome,03/03/2025, 02:14:31 pm
1,Linux,Chrome,03/03/2025, 02:14:38 pm
1,Linux,Chrome,03/03/2025, 02:14:44 pm
1,Linux,Chrome,03/03/2025, 02:14:45 pm
1,Linux,Chrome,03/03/2025, 02:14:47 pm
1,Linux,Chrome,03/03/2025, 02:14:47 pm
1,Linux,Chrome,03/03/2025, 02:14:52 pm
1,Linux,Chrome,03/03/2025, 02:14:53 pm
1,Linux,Chrome,03/03/2025, 02:14:53 pm
1,Linux,Chrome,03/03/2025, 02:14:54 pm
1,Linux,Chrome,03/03/2025, 02:14:55 pm
1,Linux,Chrome,03/03/2025, 02:14:58 pm
1,Linux,Chrome,03/03/2025, 02:20:05 pm
1,Linux,Chrome,03/03/2025, 02:20:09 pm
1,Linux,Chrome,03/03/2025, 02:20:25 pm
1,Linux,Chrome,03/03/2025, 02:42:59 pm
1,Linux,Chrome,03/03/2025, 02:46:01 pm
1,Linux,Chrome,03/03/2025, 05:04:23 pm
1,Linux,Chrome,03/03/2025, 05:04:41 pm
1,Linux,Chrome,03/03/2025, 05:04:43 pm
1,Linux,Chrome,03/03/2025, 05:05:30 pm
1,Linux,Chrome,03/03/2025, 05:12:24 pm
1,Linux,Chrome,03/03/2025, 05:12:25 pm
1,Linux,Chrome,03/03/2025, 05:12:39 pm
1,Linux,Chrome,03/03/2025, 05:12:40 pm
1,Linux,Chrome,03/03/2025, 05:12:58 pm
1,Linux,Chrome,03/03/2025, 05:12:59 pm
1,Linux,Chrome,03/03/2025, 05:13:36 pm
1,Linux,Chrome,03/03/2025, 05:43:09 pm
1,Linux,Chrome,03/03/2025, 05:43:31 pm
